Price,Adj Close,Close,High,Low,Open,Volume,Return,Log_Return,Volatility,EMA_9,EMA_21,EMA_50,EMA_100,EMA_250,True_Range,ATR,ATR_Percent,EMA_Score,Trend,Volatility_Regime
Ticker,BNB-USD,BNB-USD,BNB-USD,BNB-USD,BNB-USD,BNB-USD,,,,,,,,,,,,-100,Strong Bearish,High
Date,,,,,,,,,,,,,,,,,,-100,Strong Bearish,High
2023-01-01,244.13697814941406,244.13697814941406,246.48580932617188,243.57528686523438,246.33290100097656,278651737,,,,244.1369781494141,244.1369781494141,244.1369781494141,244.1369781494141,244.1369781494141,2.9105224609375,,,-100,Strong Bearish,High
2023-01-02,245.53590393066406,245.53590393066406,247.71527099609375,241.69248962402344,244.1522216796875,357733262,0.0057300855931534,0.005713731098064,,244.4167633056641,244.2641532204368,244.1918379839729,244.16467965003287,244.14812496838815,6.0227813720703125,,,100,Strong Bullish,High
2023-01-03,246.13336181640625,246.13336181640625,246.83145141601562,244.78404235839844,245.55213928222656,377452410,0.0024332811461695,0.0024303255112243,,244.7600830078125,244.4340812746158,244.2679761734801,244.2036634553076,244.16394358869115,2.0474090576171875,,,100,Strong Bullish,High
2023-01-04,259.11968994140625,259.11968994140625,260.51605224609375,245.70497131347656,246.14089965820312,632924961,0.0527613486817226,0.0514165680366785,,247.6320043945313,245.7691366079604,244.85039632124196,244.49903031641844,244.28311288233823,14.811080932617188,,,100,Strong Bullish,High
2023-01-05,256.4228515625,256.4228515625,259.07647705078125,255.5965576171875,259.07647705078125,342934041,-0.0104076937554072,-0.0104622325454468,,249.39017382812503,246.73765614928212,245.3042180954089,244.73514558861805,244.3798438678376,3.52313232421875,,,100,Strong Bullish,High
2023-01-06,259.8671569824219,259.8671569824219,260.22174072265625,255.0677032470703,256.4501953125,417893264,0.0134321313367127,0.0133427200270473,,251.48557045898443,247.93124713411305,245.87531373803688,245.0347893785944,244.50324875321277,5.1540374755859375,,,100,Strong Bullish,High
2023-01-07,261.2828369140625,261.2828369140625,262.9636535644531,259.5932922363281,259.8548889160156,327712514,0.0054477062360611,0.0054329211566505,,253.44502375000005,249.14502802319933,246.47953033317515,245.35653289414824,244.6369506509088,3.370361328125,,,100,Strong Bullish,High
2023-01-08,274.38507080078125,274.38507080078125,274.38507080078125,260.51690673828125,261.2529296875,491734030,0.0501457885311775,0.0489290007513568,0.0239592509211291,257.6330331601563,251.43957736661585,247.57386525347343,245.9313554269528,244.873987464852,13.8681640625,,,100,Strong Bullish,High
2023-01-09,272.7015380859375,272.7015380859375,283.0254211425781,271.8993835449219,274.44244384765625,783671054,-0.0061356571256971,-0.0061545576208439,0.0252502666548114,260.64673414531256,253.37248288655417,248.5592641880799,246.4614580538634,245.09572093593636,11.12603759765625,,,100,Strong Bullish,High
2023-01-10,277.2896423339844,277.2896423339844,278.2676696777344,271.14984130859375,272.6551818847656,470259383,0.016824636488119,0.0166846700332132,0.0246358016387566,263.97531578304694,255.54677010904783,249.68594568399772,247.07191714851925,245.3522462060403,7.117828369140625,,,100,Strong Bullish,High
2023-01-11,285.0465087890625,285.0465087890625,285.1723937988281,274.5263977050781,277.29351806640625,466458216,0.02797387738607,0.0275897556070611,0.0203689466874575,268.1895543842501,258.2285645345037,251.072634433216,247.82388926021315,245.66853515092487,10.64599609375,,,100,Strong Bullish,High
2023-01-12,287.8123474121094,287.8123474121094,287.9513854980469,279.74102783203125,286.9006652832031,655903255,0.0097031134841705,0.0096563405968916,0.0176407205340631,272.11411298982193,260.9179993415587,252.51340749121184,248.61573991668635,246.00434241993835,8.210357666015625,,,100,Strong Bullish,High
2023-01-13,293.7330017089844,293.7330017089844,295.2747802734375,285.19122314453125,287.8114929199219,561853825,0.0205712310472816,0.0203625009761687,0.0176310304674115,276.43789073365446,263.901181374961,254.12986216641863,249.50915104128632,246.38465046208216,10.08355712890625,,,100,Strong Bullish,High
2023-01-14,305.2411193847656,305.2411193847656,314.00335693359375,293.6006164550781,293.71966552734375,1087358891,0.0391788379542823,0.0384308223815754,0.0182667582933924,282.19853646387674,267.65935755767055,256.1342251945891,250.61275437482053,246.8536263100717,20.402740478515625,8.521000453404017,0.0279156375477153,100,Strong Bullish,Medium
2023-01-15,302.0706481933594,302.0706481933594,305.76385498046875,292.9245910644531,305.3287353515625,562889882,-0.0103867761912174,-0.0104410952114276,0.0175650017738284,286.17295880977326,270.7876567063695,257.93565354748205,251.63172256924707,247.293602580058,12.839263916015623,9.230196271623884,0.0305564156161094,100,Strong Bullish,High
2023-01-16,298.9992370605469,298.9992370605469,307.5973815917969,294.18194580078125,302.0799865722656,602126315,-0.0101678569274511,-0.0102199026811142,0.0183804168478075,288.738214459928,273.3523458294765,259.5459901558376,252.5696931532332,247.70559966755192,13.415435791015623,9.758243015834264,0.032636347543115,100,Strong Bullish,High
2023-01-17,299.82452392578125,299.82452392578125,304.78814697265625,296.97479248046875,299.0591125488281,529752305,0.0027601637828502,0.0027563615257574,0.0186856018539434,290.9554763530987,275.7589074745952,261.12554049975694,253.505432376452,248.12088990068523,7.8133544921875,10.170096261160714,0.0339201614597684,100,Strong Bullish,High
2023-01-18,286.9910583496094,286.9910583496094,304.8897705078125,282.63104248046875,299.8314514160156,844268123,-0.042803255077789,-0.0437463235782193,0.0261820629042952,290.1625927524008,276.78001209959643,262.1398745330845,254.16851407889072,248.4306123584456,22.25872802734375,10.702071053641182,0.0372906079903159,100,Strong Bullish,High
2023-01-19,294.8522033691406,294.8522033691406,295.1185302734375,286.8704528808594,286.885498046875,431382130,0.0273916025981371,0.0270231655682769,0.0279081457145184,291.1005148757488,278.42293857864587,263.4227109580279,254.97413168859865,248.8005055139093,8.248077392578125,11.039567129952568,0.0374410196152801,100,Strong Bullish,High
2023-01-20,304.9731750488281,304.9731750488281,305.02093505859375,287.2264404296875,294.84552001953125,669836014,0.0343255758784903,0.0337495968136667,0.0296635551272591,293.87504691036463,280.8365964395715,265.052140922373,255.96421175513785,249.24809650621944,17.79449462890625,11.942456926618304,0.0391590405441601,100,Strong Bullish,High
2023-01-21,299.26116943359375,299.26116943359375,309.6165771484375,299.0642395019531,305.0204772949219,755028964,-0.0187295345379797,-0.018907153581209,0.0267881988326444,294.9522714150105,282.51155762084625,266.3936714522248,256.8215772537211,249.64660704747345,10.552337646484377,12.455455235072543,0.0416206862341905,100,Strong Bullish,High
2023-01-22,303.04644775390625,303.04644775390625,310.6024169921875,299.10357666015625,299.2391052246094,571771274,0.0126487453333048,0.0125694181796562,0.0271079825437158,296.57110668278966,284.3783658147608,267.8310352287613,257.7369212240218,250.0721037861701,11.49884033203125,12.286217825753347,0.0405423588259004,100,Strong Bullish,High
2023-01-23,305.50408935546875,305.50408935546875,307.42926025390625,302.3316955566406,303.02032470703125,520678637,0.0081097852153617,0.0080770776226169,0.0267866982781706,298.3577032173255,286.2988861366433,269.3084099003969,258.68280574147616,250.5137929142123,5.097564697265625,11.855612618582589,0.0388067231558004,100,Strong Bullish,High
2023-01-24,300.6123352050781,300.6123352050781,322.7462158203125,299.6996154785156,305.3908996582031,887528741,-0.0160120742105642,-0.0161416525443586,0.0277588025896294,298.80862961487605,287.6001087792283,270.53601481430604,259.5130934536267,250.91298448625108,23.046600341796875,12.993382045200892,0.0432230501663772,100,Strong Bullish,High
2023-01-25,307.3076477050781,307.3076477050781,313.20074462890625,294.71466064453125,300.6381530761719,667706772,0.0222722480613859,0.0220278438422557,0.02052414478414,300.5084332329165,289.39170322703285,271.978039633552,260.45952027048713,251.36234435253652,18.486083984375,13.55338832310268,0.0441036480032863,100,Strong Bullish,High
2023-01-26,304.8665466308594,304.8665466308594,309.2630920410156,302.3926696777344,307.0964050292969,540954388,-0.0079435090289762,-0.0079752267752863,0.019873615244404,301.3800559125051,290.79850717283523,273.26778500599545,261.3388673271282,251.78867265754312,6.87042236328125,13.457678658621653,0.0441428513798746,100,Strong Bullish,High
2023-01-27,308.12310791015625,308.12310791015625,309.89447021484375,300.3205871582031,304.87445068359375,484897937,0.0106819239935826,0.0106252752977865,0.0157475158909492,302.72866631203533,292.373470876228,274.6346604140018,262.2652879327327,252.23755261971533,9.573883056640623,13.421273367745536,0.0435581526448154,100,Strong Bullish,High
2023-01-28,306.24432373046875,306.24432373046875,313.0773620605469,304.09332275390625,308.1571350097656,434715822,-0.0060975114538807,-0.0061161771918939,0.0135825083766237,303.43179779572205,293.6344574993408,275.8742550538633,263.13615992872747,252.6678854572512,8.984039306640625,12.60565185546875,0.0411620751102091,100,Strong Bullish,High
2023-01-29,317.3362121582031,317.3362121582031,320.1185607910156,305.1980895996094,306.2362976074219,664644693,0.0362190825045187,0.0355785910797037,0.0182001861638217,306.2126806682183,295.78916246832824,277.5002141559943,264.20942828970715,253.18317092897195,14.92047119140625,12.754309517996653,0.0401917872254622,100,Strong Bullish,High
2023-01-30,307.0688781738281,307.0688781738281,320.25482177734375,303.58074951171875,317.3753967285156,630938594,-0.0323547505484699,-0.032889736714303,0.0234646166148435,306.3839201693403,296.81459116882826,278.65976960767404,265.0581302676106,253.61253911418996,16.674072265625,12.987069266183036,0.0422936682591168,100,Strong Bullish,High
2023-01-31,312.3610534667969,312.3610534667969,313.8247985839844,305.6813659667969,307.0965576171875,487472184,0.0172344892925713,0.0170876600985503,0.0228353491781293,307.5793468288316,298.22790592318904,279.9813885825416,265.9948218161093,254.08065476640195,8.1434326171875,13.010646275111608,0.0416525880250131,100,Strong Bullish,High
