Price,Adj Close,Close,High,Low,Open,Volume,Return,Log_Return,Volatility,EMA_9,EMA_21,EMA_50,EMA_100,EMA_250,True_Range,ATR,ATR_Percent,EMA_Score,Trend,Volatility_Regime,Market_Score
Ticker,BTC-USD,BTC-USD,BTC-USD,BTC-USD,BTC-USD,BTC-USD,,,,,,,,,,,,,,,
Date,,,,,,,,,,,,,,,,,,,,,
2023-01-01,16625.080078125,16625.080078125,16630.439453125,16521.234375,16547.9140625,9244361700,,,,16625.080078125,16625.080078125,16625.080078125,16625.080078125,16625.080078125,109.205078125,,,-100,Strong Bearish,High,
2023-01-02,16688.470703125,16688.470703125,16759.34375,16572.228515625,16625.509765625,12097775227,0.0038129515588565255,0.003805700684704715,,16637.758203125002,16630.842862215908,16627.565984987745,16626.33533802599,16625.585182706673,187.115234375,,,100,Strong Bullish,High,
2023-01-03,16679.857421875,16679.857421875,16760.447265625,16622.37109375,16688.84765625,13903079207,-0.000516121662866742,-0.0005162548994983624,,16646.178046875004,16635.298731275823,16629.61662957156,16627.395181270524,16626.017630827537,138.076171875,,,100,Strong Bullish,High,
2023-01-04,16863.23828125,16863.23828125,16964.5859375,16667.763671875,16680.205078125,18421743322,0.010994150293785143,0.010934153962035356,,16689.590093750005,16656.020508546204,16638.778262970714,16632.065341666155,16627.907835213373,296.822265625,,,100,Strong Bullish,High,
2023-01-05,16836.736328125,16836.736328125,16884.021484375,16790.283203125,16863.47265625,13692758566,-0.0015715814888571655,-0.0015728177184386805,,16719.019340625004,16672.449219417,16646.541324349313,16636.118232487122,16629.571807268447,93.73828125,,,100,Strong Bullish,High,
2023-01-06,16951.96875,16951.96875,16991.994140625,16716.421875,16836.47265625,14413662913,0.006844106816741524,0.006820792235553174,,16765.609222500003,16697.86008583364,16658.518870453263,16642.372698180447,16632.140707210532,275.572265625,,,100,Strong Bullish,High,
2023-01-07,16955.078125,16955.078125,16975.017578125,16914.19140625,16952.1171875,7714767174,0.00018342264818071996,0.00018340582830352,,16803.503003000005,16721.243543939672,16670.14864514137,16648.56488485014,16634.713913726784,60.826171875,,,100,Strong Bullish,High,
2023-01-08,17091.14453125,17091.14453125,17091.14453125,16924.05078125,16954.146484375,9768827914,0.008025112314249405,0.00799308234902105,0.004796237610440665,16861.031308650003,16754.87090642243,16686.658287733866,16657.328838244197,16638.350811077566,167.09375,,,100,Strong Bullish,High,
2023-01-09,17196.5546875,17196.5546875,17389.95703125,17093.9921875,17093.9921875,18624736866,0.006167530562816603,0.006148589187306557,0.0048657558419101,16928.135984420005,16795.023977429482,16706.654224979597,16668.00657783342,16642.798650730336,298.8125,,,100,Strong Bullish,High,
2023-01-10,17446.29296875,17446.29296875,17484.720703125,17162.990234375,17192.94921875,15808338949,0.014522576515372032,0.014418133870887372,0.005624897465301414,17031.767381286005,16854.23024936771,16735.65966591177,16683.41818953474,16649.20099589384,321.73046875,,,100,Strong Bullish,High,
2023-01-11,17934.896484375,17934.896484375,17934.896484375,17337.994140625,17446.359375,18372283782,0.02800615102017323,0.02762115049773119,0.009825464482800672,17212.393201903804,16952.47263436837,16782.688560753468,16708.19993794742,16659.445581459426,596.90234375,,,100,Strong Bullish,High,
2023-01-12,18869.587890625,18869.587890625,19030.087890625,17995.203125,18117.59375,34971338710,0.052115795988246116,0.05080318049018759,0.017530133871091202,17543.832139648046,17126.75583948261,16864.527750160196,16750.99969938658,16677.05627714999,1095.19140625,,,100,Strong Bullish,High,
2023-01-13,19909.57421875,19909.57421875,19964.322265625,18753.1640625,18868.90625,29225029694,0.05511441660269112,0.053649212803668606,0.02174536098202905,18016.98055546844,17379.739328506916,16983.94133716372,16813.545729472986,16702.813392222502,1211.158203125,,,100,Strong Bullish,High,
2023-01-14,20976.298828125,20976.298828125,21075.142578125,19907.828125,19910.537109375,38967784639,0.05357847423830919,0.052192440560842025,0.02154479432576165,18608.844209999752,17706.69928301765,17140.504376024946,16895.976483901737,16736.8650690026,1167.314453125,429.96847098214283,0.020497823496185206,100,Strong Bullish,Medium,84.88
2023-01-15,20880.798828125,20880.798828125,20993.748046875,20606.986328125,20977.484375,19298407543,-0.004552757413617381,-0.0045631527773636734,0.02409353602568692,19063.235133624803,17995.25378711832,17287.18258983279,16974.883857054672,16769.884461505568,386.76171875,449.7939453125,0.021541031500512255,100,Strong Bullish,Medium,84.61
2023-01-16,21169.6328125,21169.6328125,21360.875,20715.74609375,20882.224609375,26792494050,0.013832516023570829,0.013737719952276949,0.023063079186821604,19484.514669399843,18283.833698516653,17439.435539741313,17057.948192806063,16804.942217290383,645.12890625,482.5092075892857,0.022792516613910244,100,Strong Bullish,Medium,84.3
2023-01-17,21161.51953125,21161.51953125,21438.66015625,20978.533203125,21175.833984375,24999983362,-0.00038325091993141047,-0.00038332437933474676,0.025269983473946836,19819.915641769876,18545.44150149241,17585.399617839696,17139.20703119109,16839.65598074823,460.126953125,505.51283482142856,0.023888305094297176,100,Strong Bullish,Medium,84.03
2023-01-18,20688.78125,20688.78125,21564.501953125,20541.544921875,21161.05078125,30005625418,-0.022339524368838015,-0.02259283115330066,0.03159245062902112,19993.6887634159,18740.290569538553,17707.10085831657,17209.495629583344,16870.326301618763,1022.95703125,557.3796037946429,0.02694115216644977,100,Strong Bullish,Medium,83.26
2023-01-19,21086.79296875,21086.79296875,21163.01171875,20685.380859375,20686.74609375,21152848261,0.019238045679950355,0.019055334102897954,0.028642495357643332,20212.30960448272,18953.608969466866,17839.637803823764,17286.273794715355,16903.92364557997,477.630859375,584.8005022321429,0.02773302242303037,100,Strong Bullish,Medium,83.07
2023-01-20,22676.552734375,22676.552734375,22692.357421875,20919.126953125,21085.373046875,28799154319,0.07539125404137925,0.0726845526110478,0.03334463198822729,20705.15823046118,19292.058402640334,18029.320742276752,17393.011991540297,16949.920690112198,1773.23046875,691.7760881696429,0.03050622800885389,100,Strong Bullish,High,77.37
2023-01-21,22777.625,22777.625,23282.34765625,22511.833984375,22677.427734375,32442278429,0.004457126566322689,0.004447222994453112,0.030045612915480482,21119.651584368945,19608.92809330939,18215.528752383547,17499.637991707816,16996.356581027638,770.513671875,742.4680524553571,0.0325963770347153,100,Strong Bullish,High,76.85
2023-01-22,22720.416015625,22720.416015625,23056.73046875,22387.900390625,22777.986328125,24746386230,-0.002511630794474806,-0.002514790230431855,0.02986949309844245,21439.804470620154,19891.79063170172,18392.19099800086,17603.019734755682,17041.966616363075,668.830078125,778.3063616071429,0.03425581472944403,100,Strong Bullish,High,76.44
2023-01-23,22934.431640625,22934.431640625,23126.486328125,22654.3046875,22721.087890625,26518700512,0.009419529327844067,0.00937544219856928,0.02987421023555561,21738.729904621126,20168.394359785652,18570.318082025336,17708.592247743192,17088.918528906994,472.181640625,790.6898716517857,0.034476104925626055,100,Strong Bullish,High,76.38
2023-01-24,22636.46875,22636.46875,23134.01171875,22549.744140625,22929.626953125,26405069715,-0.012991945703908492,-0.013077079200906103,0.03107265030150434,21918.277673696903,20392.764758896046,18729.774970965518,17806.17396065917,17133.122116326063,584.267578125,809.4425223214286,0.03575833895564778,100,Strong Bullish,High,76.06
2023-01-25,23117.859375,23117.859375,23722.099609375,22406.076171875,22639.267578125,30685366709,0.021266153759075257,0.021043184701323544,0.02772902743606467,22158.194013957524,20640.500633087315,18901.856712300203,17911.355850052056,17180.80926579757,1316.0234375,860.8083147321429,0.03723564110191941,100,Strong Bullish,High,75.69
2023-01-26,23032.77734375,23032.77734375,23237.078125,22911.373046875,23108.955078125,26357839322,-0.003680359408276712,-0.003687148593844675,0.02861044721088634,22333.11067991602,20857.98033405665,19063.853599808037,18012.770137055977,17227.438493510337,325.705078125,805.8450055803571,0.034986879504525975,100,Strong Bullish,High,76.25
2023-01-27,23078.728515625,23078.728515625,23417.720703125,22654.59375,23030.716796875,25383335641,0.0019950339114214177,0.001993046474165044,0.010810824030129049,22482.23424705782,21059.866532381042,19221.299674938113,18113.086144552395,17274.062318387743,763.126953125,773.8427734375,0.03353056356261502,100,Strong Bullish,High,76.62
2023-01-28,23031.08984375,23031.08984375,23165.896484375,22908.845703125,23079.96484375,14712928379,-0.0020641809553220147,-0.002066314313093378,0.010896412403073827,22592.005366396254,21239.0686515964,19370.70321096995,18210.472356417693,17319.935047673498,257.05078125,708.8239397321429,0.03077683012575708,100,Strong Bullish,High,77.31
2023-01-29,23774.56640625,23774.56640625,23919.890625,22985.0703125,23031.44921875,27423687259,0.03228143207915801,0.03177133538504421,0.01548732852637166,22828.517574367004,21469.568447474,19543.403728431913,18320.652436612392,17371.366373239845,934.8203125,747.9709821428571,0.031460972594066994,100,Strong Bullish,High,77.13
2023-01-30,22840.138671875,22840.138671875,23789.34765625,22657.58203125,23774.6484375,27205595568,-0.03930367092328346,-0.040096914665951826,0.023275230430178255,22830.841793868603,21594.165740601366,19672.68745170419,18410.147213548284,17414.94224812937,1131.765625,782.7307477678571,0.03426996477616399,100,Strong Bullish,High,76.43
2023-01-31,23139.283203125,23139.283203125,23225.021484375,22765.568359375,22840.796875,22837828665,0.013097316769725253,0.013012288539514132,0.023029696091644014,22892.530075719882,21734.63096446715,19808.632383132455,18503.793470767625,17460.554526655233,459.453125,782.6826171875,0.03382484281456901,100,Strong Bullish,High,76.54
