Asset,Cost_bps,Observations,Accuracy,Balanced_Accuracy,Gross_Return,Net_Return,Sharpe,MaxDD,Turnover,Average_Daily_Turnover
BTC,0,2610,0.5084291187739464,0.5077470263820512,4.5185957055162005,4.5185957055162005,0.6631682879566643,-0.4424484996250957,956.0,0.36628352490421456
BTC,10,2610,0.5084291187739464,0.5077470263820512,4.5185957055162005,1.120029264055319,0.3842992865183186,-0.5266279917711478,956.0,0.36628352490421456
BTC,25,2610,0.5084291187739464,0.5077470263820512,4.5185957055162005,-0.4962042422912898,-0.03322127707549592,-0.7865332009698147,956.0,0.36628352490421456
BTC,50,2610,0.5084291187739464,0.5077470263820512,4.5185957055162005,-0.9543107700977851,-0.7228212480661189,-0.9702413203528603,956.0,0.36628352490421456
ETH,0,2610,0.5130268199233716,0.5141209851308871,0.64769221413236,0.64769221413236,0.33065230598175877,-0.6972394057497996,1418.0,0.5432950191570881
ETH,10,2610,0.5130268199233716,0.5141209851308871,0.64769221413236,-0.6013868140370711,0.025601978764235377,-0.7769562012708168,1418.0,0.5432950191570881
ETH,25,2610,0.5130268199233716,0.5141209851308871,0.64769221413236,-0.9527236095772514,-0.4316431332720884,-0.9561590733146909,1418.0,0.5432950191570881
ETH,50,2610,0.5130268199233716,0.5141209851308871,0.64769221413236,-0.9986582876175926,-1.1893319251640742,-0.9987071625215519,1418.0,0.5432950191570881
SOL,0,1920,0.5041666666666667,0.5014763352149371,-0.3162886303736817,-0.3162886303736817,0.20030996808823764,-0.8205750100459985,692.0,0.36041666666666666
SOL,10,1920,0.5041666666666667,0.5014763352149371,-0.3162886303736817,-0.6589886710667773,0.037856390734612375,-0.8960148451376145,692.0,0.36041666666666666
SOL,25,1920,0.5041666666666667,0.5014763352149371,-0.3162886303736817,-0.8800467443060069,-0.20512951476725286,-0.9541710719426422,692.0,0.36041666666666666
SOL,50,1920,0.5041666666666667,0.5014763352149371,-0.3162886303736817,-0.9790519920452385,-0.6074726729839197,-0.9894139601363351,692.0,0.36041666666666666
SPY,0,1780,0.5146067415730337,0.4836479591836735,0.5361372788029937,0.5361372788029937,0.47209057276758615,-0.3198187332381288,641.0,0.3601123595505618
SPY,10,1780,0.5146067415730337,0.4836479591836735,0.5361372788029937,-0.19130457425410852,-0.11697240392947866,-0.48825131651968845,641.0,0.3601123595505618
SPY,25,1780,0.5146067415730337,0.4836479591836735,0.5361372788029937,-0.6915122634013191,-0.9876429665022747,-0.7148691485872494,641.0,0.3601123595505618
SPY,50,1780,0.5146067415730337,0.4836479591836735,0.5361372788029937,-0.9383251831240746,-2.368012046994916,-0.9388464733663912,641.0,0.3601123595505618
QQQ,0,1780,0.5112359550561798,0.4770476586755433,0.06058015921980675,0.06058015921980675,0.14704828286857205,-0.4009959988249334,481.0,0.2702247191011236
QQQ,10,1780,0.5112359550561798,0.4770476586755433,0.06058015921980675,-0.3447844127512888,-0.16549125627317726,-0.5135905664245295,481.0,0.2702247191011236
QQQ,25,1780,0.5112359550561798,0.4770476586755433,0.06058015921980675,-0.6821545369278939,-0.6311138925155578,-0.685373535966844,481.0,0.2702247191011236
QQQ,50,1780,0.5112359550561798,0.4770476586755433,0.06058015921980675,-0.9050591544909384,-1.3900264215784066,-0.9060206736125168,481.0,0.2702247191011236
