Asset,Fold,Observations,Accuracy,Balanced_Accuracy,Return,Mean_Daily_Return
BTC,1,522,0.5287356321839081,0.5170588235294118,2.4709069551114102,0.002741476098098156
BTC,2,522,0.5076628352490421,0.5025267363967564,-0.039491996760300685,0.0003124376112668924
BTC,3,522,0.5076628352490421,0.5212289185045407,0.4036847312882894,0.0008199790905511303
BTC,4,522,0.5153256704980843,0.5157515024170916,0.4693034503594391,0.0008366993481014744
BTC,5,522,0.4827586206896552,0.4825520795102544,-0.19739188811357866,-0.00035107728944705187
ETH,1,522,0.5,0.5130321971930653,-0.6154225378693532,-0.0013040163187946702
ETH,2,522,0.5325670498084292,0.5250232311164211,1.2104151452023326,0.002223406557967614
ETH,3,522,0.5095785440613027,0.5087161834149786,0.6193562398249608,0.0012199705565477295
ETH,4,522,0.5268199233716475,0.5284320496054777,0.7977104894397717,0.0013829912909472468
ETH,5,522,0.49616858237547895,0.4968856504877189,-0.33418088184353223,-0.0005779009374723268
SOL,1,384,0.5286458333333334,0.5282419967444384,1.3378674095554084,0.003545347045108544
SOL,2,384,0.5052083333333334,0.4911764705882353,-0.5456630215264724,-0.0011562730450782339
SOL,3,384,0.4947916666666667,0.49759869759869757,-0.22212154204443468,-0.0001262751008558093
SOL,4,384,0.5026041666666666,0.49986435160065107,-0.043777903792037276,0.00011704402980650148
SOL,5,384,0.4895833333333333,0.48850121111504236,-0.1346250490649098,-0.000157294982408598
SPY,1,356,0.46629213483146065,0.4839045666113335,-0.09080595287559667,-0.00016101193990025368
SPY,2,356,0.5280898876404494,0.4971417682926829,0.12790340433515102,0.00036738786453308016
SPY,3,356,0.4943820224719101,0.5061435926592754,-0.058097400345825556,-0.00011226138592414678
SPY,4,356,0.547752808988764,0.48135719612229677,0.4036705753691012,0.0009755690081192569
SPY,5,356,0.5365168539325843,0.4879653042281471,0.1330011379362699,0.00037231921306881555
QQQ,1,356,0.4044943820224719,0.4585874745858748,-0.27739389847712004,-0.0007407412163373866
QQQ,2,356,0.5280898876404494,0.5037993920972644,0.0708285665314834,0.00028304028797140516
QQQ,3,356,0.5168539325842697,0.5098973954222573,0.06709483088302592,0.0002600204699229012
QQQ,4,356,0.5674157303370787,0.497916330156679,0.227724388159662,0.0006604257690639462
QQQ,5,356,0.5393258426966292,0.48836312202648835,0.04620797562318213,0.0001724316840387623
