Price,Adj Close,Close,High,Low,Open,Volume,Return,Log_Return,Volatility,EMA_9,EMA_21,EMA_50,EMA_100,EMA_250,True_Range,ATR,ATR_Percent
Ticker,XRP-USD,XRP-USD,XRP-USD,XRP-USD,XRP-USD,XRP-USD,,,,,,,,,,,
Date,,,,,,,,,,,,,,,,,
2023-01-01,0.3387629985809326,0.3387629985809326,0.3399229943752289,0.3363319933414459,0.3399229943752289,290828851,,,,0.3387629985809326,0.3387629985809326,0.3387629985809326,0.3387629985809326,0.3387629985809326,0.003591001033782959,,
2023-01-02,0.3485560119152069,0.3485560119152069,0.35410499572753906,0.32162800431251526,0.3387739956378937,1325787126,0.02890815518606482,0.02849819648937917,,0.3407216012477875,0.3396532725204121,0.33914703831953164,0.3389569196370568,0.3388410305596918,0.032476991415023804,,
2023-01-03,0.34382399916648865,0.34382399916648865,0.35104900598526,0.3420099914073944,0.34854400157928467,811872325,-0.01357604685317959,-0.013669044025764491,,0.3413420808315278,0.3400324294882372,0.3393304485488241,0.33905329744952084,0.3388807354888296,0.0090390145778656,,
2023-01-04,0.3477939963340759,0.3477939963340759,0.3508799970149994,0.34283900260925293,0.34383100271224976,803671745,0.011546597029909123,0.011480443821059467,,0.34263246393203745,0.3407380264742225,0.3396623523835399,0.3392263805957496,0.3389517574875965,0.00804099440574646,,
2023-01-05,0.33803901076316833,0.33803901076316833,0.3483389914035797,0.33751699328422546,0.34779301285743713,669029812,-0.028048171255772303,-0.028449034654896628,,0.34171377329826363,0.34049266140958123,0.3395986919278391,0.3392028683218371,0.3389444846053301,0.010821998119354248,,
2023-01-06,0.3446449935436249,0.3446449935436249,0.34546899795532227,0.3328309953212738,0.3380410075187683,741263420,0.019542072276044875,0.01935357773954172,,0.3423000173473359,0.34087014614903977,0.33979658610885033,0.3393106331777141,0.3389899069873085,0.012638002634048462,,
2023-01-07,0.34426799416542053,0.34426799416542053,0.3455219864845276,0.3420090079307556,0.34463798999786377,334559534,-0.001093877425370482,-0.001094476145939116,,0.34269361271095283,0.34117904142325617,0.3399719354444021,0.33940879874182706,0.33903196345884723,0.0035129785537719727,,
2023-01-08,0.3453580141067505,0.3453580141067505,0.34552299976348877,0.3392300009727478,0.34426599740982056,515669684,0.003166195986276321,0.0031611941428612636,0.019462711257998446,0.3432264929901124,0.3415589480308465,0.34018315421547457,0.339526604986677,0.3390823702369182,0.006292998790740967,,
2023-01-09,0.3493399918079376,0.3493399918079376,0.3566089868545532,0.34428998827934265,0.34534698724746704,1420062936,0.01152999941665267,0.011464035531540446,0.016555190243680556,0.3444491927536774,0.3422663156469457,0.34054224588576726,0.33972092947818716,0.33916410427334065,0.012318998575210571,,
2023-01-10,0.35124099254608154,0.35124099254608154,0.35381099581718445,0.34530800580978394,0.3493250012397766,815342810,0.005441692284658517,0.005426939772087939,0.01539860973125672,0.34580755271215824,0.3430821953650489,0.3409618045783286,0.3399490495389375,0.33926033445878084,0.008502990007400513,,
2023-01-11,0.37415799498558044,0.37415799498558044,0.3760260045528412,0.34871599078178406,0.3512539863586426,1498360174,0.0652458082223768,0.063205578372425,0.027653268946483733,0.3514776411668427,0.3459072680578245,0.3422636159668483,0.34062645439926703,0.3395384034669625,0.02731001377105713,,
2023-01-12,0.37519699335098267,0.37519699335098267,0.3783220052719116,0.3658689856529236,0.3738270103931427,1226464922,0.0027768974051785023,0.002773048948445836,0.022343879608857156,0.3562215116036707,0.3485699703572025,0.34355512096230456,0.34131101952702375,0.33982253565727344,0.012453019618988037,,
2023-01-13,0.3858039975166321,0.3858039975166321,0.3864459991455078,0.37064000964164734,0.3751859962940216,990539135,0.02827049351039701,0.027878258404279738,0.02285365660681611,0.362138008786263,0.35195488191715063,0.3452119396507096,0.3421920685961249,0.34018892180754723,0.015805989503860474,,
2023-01-14,0.39544299244880676,0.39544299244880676,0.4078899919986725,0.38580700755119324,0.38580700755119324,1601102466,0.024984175887807325,0.024677174312965153,0.02166383076804397,0.36879900551877176,0.35590834651093756,0.34718178485847817,0.34324654233578195,0.34062919328676045,0.022085994482040405,0.013206498963492257,0.03339672017377307
2023-01-15,0.38488098978996277,0.38488098978996277,0.39618998765945435,0.3810519874095917,0.3954690098762512,829206058,-0.026709292769200643,-0.02707246728786151,0.02770501373928363,0.37201540237300995,0.35854222317266715,0.34866018505186974,0.3440709868398252,0.3409817972429613,0.015138000249862671,0.014031284621783666,0.03645616435730125
2023-01-16,0.38657599687576294,0.38657599687576294,0.40504398941993713,0.3808639943599701,0.384878009557724,1454332113,0.004403977153366823,0.004394308024005574,0.02800302409922214,0.37492752127356055,0.36109074805476676,0.3501470796331989,0.3449126702068735,0.3413450976384418,0.02417999505996704,0.013438642024993896,0.03476326035139937
2023-01-17,0.3877109885215759,0.3877109885215759,0.3975349962711334,0.38017600774765015,0.38659700751304626,1025137174,0.002936011689773199,0.00293171002522006,0.02815278787929232,0.3774842147231636,0.3635107699153857,0.35162017409940977,0.3457601616586498,0.34171454696818787,0.017358988523483276,0.014032925878252302,0.036194294961210204
2023-01-18,0.3794519901275635,0.3794519901275635,0.39520901441574097,0.3713209927082062,0.387690007686615,1484076132,-0.021301945620643248,-0.0215321065166217,0.0207770102406846,0.37787776980404364,0.36495997175285644,0.3527116178652197,0.34642732657882636,0.3420152437264299,0.02388802170753479,0.01516485639980861,0.039965151835705266
2023-01-19,0.3937849998474121,0.3937849998474121,0.39520901441574097,0.3776180148124695,0.3794189989566803,1108881766,0.03777292013946276,0.03707699408577866,0.0246688225698586,0.38105921581271734,0.36758042885236153,0.3543223387272665,0.34736510228711515,0.3424277517433302,0.017590999603271484,0.0156483565058027,0.03973832551231329
2023-01-20,0.41334399580955505,0.41334399580955505,0.4134199917316437,0.38701701164245605,0.3937540054321289,1053958522,0.04966922551575581,0.04847509122083526,0.0285154475327468,0.3875161718120849,0.37174075312119725,0.35663691351480725,0.3486716150301337,0.34299282141716464,0.026402980089187622,0.016631569181169783,0.04023662941709366
2023-01-21,0.403533011674881,0.403533011674881,0.4158810079097748,0.40330299735069275,0.41335898637771606,1037235129,-0.023735639646727535,-0.0240218682275702,0.030186788240727923,0.39071953978464413,0.3746309584442594,0.3584759761877513,0.3497579793201287,0.3434752133714094,0.012578010559082031,0.017279071467263356,0.042819474410645694
2023-01-22,0.400967001914978,0.400967001914978,0.41109898686408997,0.3979029953479767,0.40357300639152527,780764704,-0.006358859586859111,-0.006379163252352476,0.027671645281913262,0.3927690322107109,0.37702514421432476,0.36014229092215233,0.35077201937151187,0.343933315272155,0.013195991516113281,0.017772142376218523,0.0443232043817585
2023-01-23,0.4249430000782013,0.4249430000782013,0.4311169981956482,0.4004330039024353,0.4009599983692169,1980513812,0.059795439646445514,0.05807590803503929,0.033931671320610535,0.399203825784209,0.3813813129292226,0.3626834952027817,0.35224075166273344,0.3445788107686175,0.03068399429321289,0.01908392778464726,0.04490938262575284
2023-01-24,0.40770700573921204,0.40770700573921204,0.42954498529434204,0.4056510031223297,0.42477700114250183,1265360172,-0.04056072069858163,-0.041406249224822854,0.03985792333498438,0.4009044617752096,0.38377455773013075,0.3644491230669555,0.3533390933276142,0.3450818242743593,0.02389398217201233,0.020183284367833818,0.049504384481300685
2023-01-25,0.41769298911094666,0.41769298911094666,0.4234749972820282,0.39954400062561035,0.40774500370025635,1104907019,0.024493038459393324,0.02419789361213332,0.03807454670252456,0.4042621672423571,0.3868580514920231,0.3665371178137787,0.35461342789758116,0.34566039929297754,0.023930996656417847,0.01994192600250244,0.04774302303935849
2023-01-26,0.4101029932498932,0.4101029932498932,0.41776400804519653,0.4077349901199341,0.4175739884376526,892174687,-0.018171231164805235,-0.018338355653449892,0.03816888453762967,0.40543033244386434,0.38897122801546585,0.36824558351715575,0.3557122311718844,0.34617388609741506,0.010029017925262451,0.019768783024379184,0.04820443486091121
2023-01-27,0.41279101371765137,0.41279101371765137,0.4132309854030609,0.4008980095386505,0.41009798645973206,813986938,0.006554500971711397,0.006533113634895428,0.03333989436629475,0.40690246869862173,0.39113666307930084,0.3699924631328615,0.35684250409358276,0.34670469986331337,0.0123329758644104,0.019520710621561323,0.04728957262357816
2023-01-28,0.40813401341438293,0.40813401341438293,0.4155139923095703,0.40704700350761414,0.4127979874610901,508978347,-0.011281738575960931,-0.011345860113038203,0.032152925581027086,0.407148777641774,0.3926818767461265,0.3714882102027251,0.35785817754547977,0.347194176465314,0.008466988801956177,0.018547924501555308,0.04544567198990935
2023-01-29,0.41376399993896484,0.41376399993896484,0.417136013507843,0.40730899572372437,0.4081389904022217,566580331,0.013794455594333677,0.013700178106785267,0.032216006009888415,0.40847182210121213,0.3945984334000209,0.37314608431002866,0.35896522353346955,0.34772461330574145,0.009827017784118652,0.01816856861114502,0.04391046251927452
2023-01-30,0.39459100365638733,0.39459100365638733,0.4203740060329437,0.3911589980125427,0.41377198696136475,1240049824,-0.046338000129072965,-0.04744596814137195,0.027270323220259095,0.4056956584122472,0.39459775796878144,0.37398706153929767,0.35967068452600254,0.3480980506790534,0.029215008020401,0.01852821239403316,0.046955486116879795
2023-01-31,0.4063889980316162,0.4063889980316162,0.41088300943374634,0.3896830081939697,0.3945609927177429,1026848071,0.029899298934606966,0.029461029437286117,0.027075550808886437,0.40583432633612104,0.39566968888358456,0.37525772571546706,0.36059579964492555,0.3485625203790738,0.02120000123977661,0.01880257044519697,0.04626741997511992
